id;descricao;entidade;anexo;anexo_content_type;codigo_entidade;data
1;Ergonomic Ergonomic;Personal Loan Account;../fake-data/blob/hipster.png;image/png;Kyat;2019-12-25T15:32:26
2;green Paraguay;bypass Car;../fake-data/blob/hipster.png;image/png;cultivate connect Avon;2019-12-26T04:27:15
3;Automotive Administrator;Tasty;../fake-data/blob/hipster.png;image/png;back up IB Tasty Wooden Pizza;2019-12-25T11:25:30
4;paradigms Concrete Practical Frozen Soap;Steel Metal Ergonomic Rubber Chicken;../fake-data/blob/hipster.png;image/png;Cambridgeshire;2019-12-26T08:05:51
5;streamline parse;Generic Fantastic Rubber;../fake-data/blob/hipster.png;image/png;bifurcated;2019-12-25T18:22:56
6;Wisconsin pixel parsing;Licensed virtual;../fake-data/blob/hipster.png;image/png;deposit Granite;2019-12-25T12:32:52
7;online;Eritrea Cotton programming;../fake-data/blob/hipster.png;image/png;Avon hacking CFP Franc;2019-12-26T08:35:00
8;Directives;Palladium Streamlined;../fake-data/blob/hipster.png;image/png;Licensed;2019-12-25T23:18:28
9;withdrawal;Station Burgs;../fake-data/blob/hipster.png;image/png;Car collaborative;2019-12-26T00:26:19
10;azure green;Sleek;../fake-data/blob/hipster.png;image/png;Strategist Stand-alone;2019-12-26T02:54:13
