id;nome;competencias
1;website wireless;../fake-data/blob/hipster.txt
2;Antarctica (the territory South of 60 deg S);../fake-data/blob/hipster.txt
3;Plastic Nevada;../fake-data/blob/hipster.txt
4;Generic Frozen Computer Sleek turquoise;../fake-data/blob/hipster.txt
5;transmitting Bacon;../fake-data/blob/hipster.txt
6;Keyboard Ireland impactful;../fake-data/blob/hipster.txt
7;BahtXXXXXX;../fake-data/blob/hipster.txt
8;Customer-focused;../fake-data/blob/hipster.txt
9;Marketing engage Tunnel;../fake-data/blob/hipster.txt
10;Investment Account;../fake-data/blob/hipster.txt
