id;instituicao_ensino;tipo_sistema;nif;numero_validacao_agt;nome;versao;hash_code;hash_control
1;firewall;District Ergonomic;XSS Massachusetts;78934;payment;panel magenta transmitting;Rubber;Computer
2;Cambridgeshire holistic;transmitting orchid Track;Future Music;87042;Specialist;Kina invoice;Personal Loan Account;Missouri connecting
3;Investor cross-platform Intelligent Plastic Cheese;Fresh Chips;Berkshire even-keeled;41427;Table violet Analyst;Sports withdrawal JSON;Buckinghamshire Chicken;Convertible Marks methodical Fantastic Cotton Bacon
4;quantify software open-source;overriding;East Caribbean Dollar Heights;509;compress;invoice local area network bes;Multi-lateral Officer;quantify
5;bus;Ridge Investor Pula;calculate;74543;capability Mobility;forecast Tokelau Jewelery;Bulgarian Lev cross-platform world-class;dot-com knowledge base
6;turquoise;Quality-focused;e-tailers invoice;50187;supply-chains;Supervisor;Dominican Peso;Consultant Rustic Steel Hat Passage
7;Refined;fuchsia;calculating back-end;74451;Plastic connect;application software;Data Bedfordshire Ergonomic Concrete Chips;Street Buckinghamshire
8;digital Fresh;AGP Tala recontextualize;maximize program;45327;Chair International;Point Canyon Health;Creative;Tuna product hard drive
9;sky blue;Dynamic;quantify Movies calculate;81483;index secondary Intelligent;Practical bottom-line;Radial Ergonomic;Buckinghamshire
10;feed Extended;Intelligent Frozen Fish;olive;34611;Crossing CSS;Costa Rican Colon;Rand;partnerships Fresh
