id;nome;tempo_resposta;pagase;descricao
1;JBOD seize Concrete;72732;true;../fake-data/blob/hipster.txt
2;Steel;32952;false;../fake-data/blob/hipster.txt
3;groupware input auxiliary;8705;true;../fake-data/blob/hipster.txt
4;monitor;8815;true;../fake-data/blob/hipster.txt
5;Internal;20154;false;../fake-data/blob/hipster.txt
6;frame granular concept;24228;true;../fake-data/blob/hipster.txt
7;Concrete User-centric;25475;true;../fake-data/blob/hipster.txt
8;Cheese Specialist methodology;94742;true;../fake-data/blob/hipster.txt
9;next-generation;34793;true;../fake-data/blob/hipster.txt
10;Corporate Fresh lime;17698;true;../fake-data/blob/hipster.txt
