id;ano_lectivo;data;estado;descricao;disciplina_id
1;94339;2019-12-26T09:39:48;Bedfordshire Rubber Mobility;../fake-data/blob/hipster.txt;1
2;98257;2019-12-25T23:09:22;Toys web-readiness Movies;../fake-data/blob/hipster.txt;2
3;3519;2019-12-26T06:31:43;enhance hack compressing;../fake-data/blob/hipster.txt;3
4;74650;2019-12-25T19:16:37;transmitting Qatar deploy;../fake-data/blob/hipster.txt;4
5;55116;2019-12-25T11:10:47;invoice Automotive;../fake-data/blob/hipster.txt;5
6;39579;2019-12-26T07:33:33;Tactics Assimilated;../fake-data/blob/hipster.txt;6
7;21928;2019-12-26T05:06:54;application;../fake-data/blob/hipster.txt;7
8;79931;2019-12-25T21:57:50;Multi-layered;../fake-data/blob/hipster.txt;8
9;13657;2019-12-25T18:29:28;European Monetary Unit (E.M.U.-6) Soft Tenge;../fake-data/blob/hipster.txt;9
10;66252;2019-12-26T04:52:25;Bedfordshire AGP;../fake-data/blob/hipster.txt;10
